Iteration,episode_reward_mean,episode_len_mean
0,-273.2765801159125,300.0
1,-339.26091029611615,300.0
