Iteration,episode_reward_mean,episode_len_mean
0,-266.61953729169574,300.0
1,-210.16415098827596,300.0
