Iteration,episode_reward_mean,episode_len_mean
0,-572.8957523820291,300.0
1,-157.83051492290414,300.0
