Iteration,episode_reward_mean,episode_len_mean
0,-547.1160715855049,300.0
1,-26.892053235033682,300.0
