Iteration,episode_reward_mean,episode_len_mean
0,-247.88747212482747,300.0
1,-120.73826403946545,300.0
