Iteration,episode_reward_mean,episode_len_mean
0,-76.6692043275907,300.0
1,-50.26362588208394,300.0
