Iteration,episode_reward_mean,episode_len_mean
0,-368.0720595317594,300.0
1,-275.3135080243997,300.0
