Iteration,episode_reward_mean,episode_len_mean
0,-314.4283583427418,300.0
1,-111.07158245140441,300.0
