Iteration,episode_reward_mean,episode_len_mean
0,155.9699472005685,300.0
1,121.31822331818098,300.0
